{"spot_diameter_fullres": 53.98635269698085, "tissue_hires_scalef": 0.2408768, "fiducial_diameter_fullres": 87.2087235874306, "tissue_lowres_scalef": 0.07226304}